,A,B,C,D
2000-01-01,224.6502130067898,197.9063457725818,528.277597115859,116.69909785856969
2000-01-02,247.2723307587902,159.7561230896506,-217.57717233279817,-130.22893420935773
2000-01-03,-41.55461425553269,62.09960852655239,271.17464867586585,-126.04408322956209
2000-01-04,-56.969717156874445,-212.06445420140838,-243.33574655508383,-324.6496333322278
2000-01-05,316.41007246968115,-325.7135936205257,-234.49248351326898,-213.17272172523957
2000-01-06,-236.58711054658502,85.38063427494056,-87.97204867585563,-77.74551722100158
2000-01-07,86.7702586320383,168.99359920818222,298.4336079704492,-24.798360716895562
2000-01-08,121.26331929092812,219.58914061560822,-118.8549836869394,-27.428517383879086
2000-01-09,53.431773323570894,151.24986900700407,249.93214431727947,-372.26069525954927
2000-01-10,343.6173731600989,-190.95160931196818,223.43746302422684,9.86327651293316
2000-01-11,-325.5869812781006,155.45715778305419,817.5850289637395,-230.85963610195375
2000-01-12,17.716963748880783,264.04248179883234,17.124696175929337,-7.533045436307672
2000-01-13,-263.63689329892554,53.338385493724694,97.14747740115251,241.32579268709077
2000-01-14,6.805948609041838,115.41135911895167,-286.0906176834374,-110.27741451947148
2000-01-15,-523.301466811495,224.42708286547764,170.44824817288713,197.56131762554412
2000-01-16,-70.11328879010145,74.70817670180875,208.67012040413394,-181.3958277969334
2000-01-17,-210.501476976222,-224.61136437399452,-60.38933773865558,69.65920290650826
2000-01-18,-84.50459876631693,-114.60710688423849,148.06130475432062,116.02047727131155
2000-01-19,-196.97889361774548,-36.64046879690374,297.04357653591154,14.94810434545257
2000-01-20,-174.23078775179215,-229.6245710965931,100.11131714202166,-109.73685232836077
2000-01-21,52.01922361206,-67.96118140261412,103.42110526218474,293.13815355332764
2000-01-22,69.97093490906822,-152.83888069256037,-225.25341400642174,-38.02126633825175
2000-01-23,-150.3233128624937,3.01069423128488,-377.00792592639243,63.941495221771824
2000-01-24,-358.10200595580795,12.21194790642443,-1.142252799183285,110.84474377322
2000-01-25,357.05259859154086,-135.02040673948764,100.49777113002396,-121.05162971150352
2000-01-26,75.73315653185807,-47.597052821516975,194.8181042247397,273.6614691916715
2000-01-27,84.58059277041295,180.07824375888464,30.779477722862687,190.5483072731421
2000-01-28,104.77301394931062,-46.26995195483593,277.49138121909556,11.429177353291307
2000-01-29,450.27234071909004,-58.716100814250325,136.17439142708315,13.22634646489039
2000-01-30,-1.3652784317975997,173.52206214701667,49.444743348020424,-115.24534437278706
2000-01-31,160.78887584818216,-151.1177299691492,-241.61335310263917,4.6818141691372075
2000-02-01,-0.021424467733970852,30.752879405765853,-364.8198442454339,439.1654188867382
2000-02-02,127.35188090094604,-172.62105428150142,-39.67412168276009,-141.6150347393047
2000-02-03,133.27636480295203,30.43989820893225,-45.068149278093145,3.664874191904017
2000-02-04,-118.52539789512299,168.51296006588476,45.227537888714195,59.93451337800282
2000-02-05,35.532357297280925,-18.363107311639595,160.91042177517963,358.2310447698896
2000-02-06,11.31734608120568,52.94652806906349,-30.707184152282125,-144.9061536582745
2000-02-07,115.90427450394836,10.875965207138535,350.58477728100627,113.04734033728288
2000-02-08,-148.6841595214773,37.893043504540316,127.8565834221083,-109.95458443315773
2000-02-09,-8.57817743157411,-2.8134507725983235,93.6452396389042,-187.33586460652847
2000-02-10,-233.63751173444416,-209.02295265628493,232.87386623313674,50.252562609921746
2000-02-11,462.2426026532911,-258.98367586723344,9.06587599468098,93.43688524695439
2000-02-12,-158.0748748723475,121.73066655837248,267.9186350018652,180.39094113678823
2000-02-13,253.5693544170261,175.41627153078448,-51.92418275891064,511.05136968697155
2000-02-14,2.4171689730722266,70.64256768643813,148.91642948729893,-73.56786482569207
2000-02-15,-220.9692840741912,52.84651521015744,-93.79133452493956,359.3360741770625
2000-02-16,285.9516919947992,246.4595492925016,51.247359452252816,55.23846929817988
2000-02-17,-126.26204256333278,-339.90734616193663,70.26798926328826,482.85745123751605
2000-02-18,-387.9763184522195,134.01162026556355,110.04442234177927,-188.90067508451926
2000-02-19,-61.118248619015056,360.5654441668271,-414.1002285293749,-219.24686132347122
2000-02-20,-6.574406816250256,-428.30166683342077,-39.20986266757978,-361.30056332365007
2000-02-21,148.49063562703097,-0.25092268441277193,-32.897345214964574,-17.647238237177184
2000-02-22,126.76182151919338,-58.29085147500304,-171.9542685937664,29.652836590570548
2000-02-23,-48.999715176266974,-379.46249914540095,-240.37868384652845,135.2222596213433
2000-02-24,364.266782616424,-10.713330205858759,-224.44679180623663,-408.68744458488635
2000-02-25,-73.25192546025517,104.04155917521283,12.7074496081652,269.80212057087385
2000-02-26,107.89214235166118,7.722918237978633,80.23498521191992,-400.07889679778924
2000-02-27,-172.3782682733698,240.93680430506174,174.2383012554812,606.6548821137155
2000-02-28,-253.88854648231742,320.23250247990353,-94.99203912980401,186.48893246769686
2000-02-29,231.82155796430717,-58.06303759589326,236.61923460137882,137.04234079908906
2000-03-01,-393.2275241085537,195.13184725356038,87.37910427503216,310.28309936789924
2000-03-02,-331.5944281657477,-344.7731892578203,53.66949890810603,-470.20252831328514
2000-03-03,-196.40753557684812,-53.53645681626098,43.40257996770745,-151.760906700217
2000-03-04,-191.8260389605229,31.744092321230827,-106.19692816035547,133.49728966829818
2000-03-05,71.36682370275236,273.02392762729215,385.4590105763237,-165.00236254851967
2000-03-06,-211.81362516008676,7.592206214628071,3.4894420741283785,120.22482125710702
2000-03-07,-179.99151778853917,-293.3105610467291,-103.06086958912653,-160.77991654421388
2000-03-08,18.972467840873737,249.60848258885778,240.06216519797903,94.95330561809892
2000-03-09,-193.45155977294297,-312.589238148289,89.74819175262718,-89.27371501947434
2000-03-10,104.32832615075753,100.22672506195359,298.5551939824274,-482.27167387459946
2000-03-11,284.9235210663887,141.21124594128693,-294.29896212335404,-331.74358347409805
2000-03-12,-159.12404183207465,208.21269372446358,-45.65401968087105,168.2224578379471
2000-03-13,-121.4154627067068,15.099643420800577,412.3273887432185,462.6077881419725
2000-03-14,-127.41919806050397,-10.44504146238356,87.76900490989618,364.1261599261472
2000-03-15,127.95382813700087,166.17257783172275,156.2642942365021,-262.2075754161552
2000-03-16,-37.833510424308386,-245.6219886324381,-3.8591453517618115,488.92999279512486
2000-03-17,-0.6411471578906738,-433.72959151261483,-112.94726727453235,320.8929888655387
2000-03-18,-595.8531938479548,-12.656429465909785,-343.7374445144362,184.94125804005571
2000-03-19,-8.31811492817681,-118.14261399596752,-4.503269905014693,368.44567211117607
2000-03-20,220.01524367958217,514.0482546872953,212.16400839835944,-30.87232817630107
2000-03-21,23.100937548632096,-118.84420839104087,17.94454397739098,390.420236423871
2000-03-22,-123.86332636598073,-51.83039931984169,-62.372039237809375,-159.70905512946493
2000-03-23,187.0292032906529,229.23366994535056,-408.8379299830488,-318.4348255064735
2000-03-24,-109.84408531364933,84.72773289763568,112.36187367088574,-345.84439731698075
2000-03-25,417.86823153564796,104.12694855056664,392.0648033417577,209.95399597533958
2000-03-26,126.46141993610192,100.24988723731818,642.3074812410194,6.555393667344276
2000-03-27,167.67715598433753,134.74864157073435,197.51570081628736,297.53458747342637
2000-03-28,11.71527369477844,-176.5991196173284,296.33102607047255,191.76191902189294
2000-03-29,-129.65671795241354,177.42188223188757,-393.37022187059404,-138.75258522514386
2000-03-30,-331.1337814454691,168.96276556233633,168.44954662702378,322.8147825088807
2000-03-31,-155.1202106543119,258.8267625065994,65.95295534245564,-118.79508703231905
2000-04-01,201.19022054464094,-136.20504758819538,49.769186880235004,121.32073318815341
2000-04-02,-61.87683773534053,-195.41048343488993,-8.793676446588451,2.6307486870868306
2000-04-03,-93.61730015965473,-127.14850235878458,19.103648245199174,46.6823588624618
2000-04-04,-59.212438956657856,-191.24825443732314,-106.92837163110036,245.27201160175403
2000-04-05,46.8091425173874,-129.02611850206372,216.1151263062522,46.20186260780195
2000-04-06,65.73146975964562,-196.8338272196164,284.2091857679121,-233.76548185445375
2000-04-07,102.95613174556112,114.04389275604112,166.97522267344323,159.62565160075906
2000-04-08,-83.79398592339112,-51.97339720773419,177.54012241119847,228.8169145103797
2000-04-09,-219.40316573929454,-84.4407230775852,267.1924568012066,-11.756796593665037
2000-04-10,31.62287269209838,-137.45849154252906,68.61336891282271,5.840613035927096
2000-04-11,183.78046120444768,8.961626055977536,81.75594673506174,82.08109124856475
2000-04-12,323.59064324465317,146.88220406825033,-56.939996659300796,91.18213919630256
2000-04-13,138.56826785229325,-3.9374486639649806,-62.81742717854591,-265.9752834753082
2000-04-14,141.45515713805358,55.7541543439242,-359.0011115772066,129.55068138187508
2000-04-15,24.802510598074118,152.34041970296113,-361.718042256849,-9.08927681191463
2000-04-16,-174.77600499326564,-292.6520607301172,90.05052814213246,340.20823301218417
2000-04-17,-55.010855588634435,-272.9843109281086,27.360128051263793,-217.7508067179943
2000-04-18,7.387056957093531,198.08945940000984,80.33491180855921,320.4340377425738
2000-04-19,-106.93941804819183,349.4892629127679,220.6477010024165,-39.27317797592785
2000-04-20,58.216802686364666,217.7087821134751,-86.07707863268166,366.926223429613
2000-04-21,206.69585825125867,-40.15623894714832,-153.16061006022147,-364.389816604158
2000-04-22,51.8063588021326,-26.654405237323463,123.72096179193422,218.94600283535195
2000-04-23,-325.03267630103284,9.138563808352988,-104.07217977566476,-130.81881792114604
2000-04-24,-168.3096709942892,-264.013220531148,79.48011009634787,-118.94240646303922
2000-04-25,-32.71951185557427,39.83139633345852,-136.266896813728,119.62776211551969
2000-04-26,-200.73654671929754,91.16733472151215,-224.18240362184397,-297.5908327485834
2000-04-27,-10.696503899838754,-412.5100125938314,-235.44555412988296,119.55142215770016
2000-04-28,241.00249392233258,-277.5547604555435,-142.8242250805645,63.594259560582245
2000-04-29,302.3526801141474,99.00719870679303,442.30330321655214,90.42915686989926
2000-04-30,92.09023548840109,-68.28709046482746,-187.57426066685773,86.50239474065778
2000-05-01,205.26456473672647,-49.201805752920635,-178.98615806527138,-31.101313362197352
2000-05-02,126.46371543788742,-257.61994274941287,-244.22950900816397,136.88131400905763
2000-05-03,169.31866278525726,-117.44944176579016,-185.21936117735498,-165.68678199781206
2000-05-04,122.97604338832349,-412.06463564664386,191.771501735426,-8.358077026301892
2000-05-05,-165.80421534245679,-382.90013621148006,-179.41746146694578,269.93758533473215
2000-05-06,-305.7724467994584,238.14290429403067,270.5298013316705,-15.862425528969712
2000-05-07,-157.62631317874502,-216.1747165721109,-74.59567144293592,-419.1610227130329
2000-05-08,79.9388912194469,-166.88113631731682,48.57588593863116,-187.08127403286124
2000-05-09,-119.38058291681632,207.03919250260842,-80.74678847388432,130.10223238061405
2000-05-10,281.0277540113263,309.0544424426233,-167.53303306900585,130.22619031005763
2000-05-11,-62.06155386285425,-16.184845993739962,-1.6240649844531896,190.6693473184899
2000-05-12,-228.66466214317765,-229.026331100356,-235.5374246467162,41.718781787590665
2000-05-13,-273.68419652223906,139.16437248437472,178.73584305182757,9.14819085509928
2000-05-14,220.5128995638579,126.73335457312713,315.2388365087302,-463.3204518336007
2000-05-15,-316.8103836778474,-298.5113183621212,-72.61855430528679,389.0114647054928
2000-05-16,123.39214997107932,-54.32911026823801,-23.503713599981477,151.64600486628927
2000-05-17,-254.45855605258188,2.743058741117182,-303.46778782485575,-418.07619062285016
2000-05-18,-60.99430822339783,-179.97054293282713,192.44616041652716,-140.4616613810407
2000-05-19,212.7428429926006,164.64378307355867,-144.5392096763088,160.4687615856576
2000-05-20,-120.88804070492094,543.5113428381709,-202.45202538541142,108.65321166692266
2000-05-21,143.23697723444891,-84.7152971361409,220.75426217017707,281.7847405010601
2000-05-22,-252.67003773779626,42.012461333821136,-134.78250308128824,-46.14126598884115
2000-05-23,-21.048814822448467,385.9202943167476,-69.08947277800632,48.007617373498306
2000-05-24,-112.11723313501263,-96.70667944848643,-118.72210831393308,107.40639889903134
2000-05-25,-346.3772564091511,271.2628649786605,112.8356045874982,-105.44633074192305
2000-05-26,278.83749013959186,179.188424844835,132.32824709360176,139.25948580394942
2000-05-27,-111.45726434149874,177.257492079104,84.53194639799358,264.2023036453589
2000-05-28,202.2742173221074,-231.74139583995012,-188.08284532252145,208.8825987091933
2000-05-29,-135.4422271305797,92.31997609870142,-65.48205263145744,82.31017458907066
2000-05-30,-56.987477852224025,36.96329591910556,-97.75612027052422,-18.385593468592234
2000-05-31,-259.3304609544441,66.2606154478388,-109.00607940791649,44.87633030954329
2000-06-01,114.2824453839959,131.05977370380498,-138.16604380180365,549.9639331214175
2000-06-02,-235.5510531609473,62.46120995232361,-69.00394413391133,43.674070254853284
2000-06-03,-10.219313212405837,-48.13549046900394,137.27008416526687,364.52612519379267
2000-06-04,-132.63437086556647,-20.074643564118773,313.93603515349196,138.86361972448884
2000-06-05,267.34979745980075,116.194344812907,12.730404385971864,-146.6125151408665
2000-06-06,317.93661733681165,-10.629559050449727,86.81755957970005,42.85618748615402
2000-06-07,248.34701177029115,600.6438382677034,-62.375121009206524,-419.527421186835
2000-06-08,163.42925161710875,295.4846612391213,-92.05435641466563,-199.08496783267066
2000-06-09,401.89827434915395,-254.73795733934045,-123.55454166154031,185.35379904443337
2000-06-10,-435.9197773978623,240.04482565542173,-434.89620580548427,84.99505948932176
2000-06-11,68.21906970972582,11.306837978244362,-5.451371111254435,78.62353917837753
2000-06-12,-99.4662225361594,225.69773346083753,146.72607081986166,134.03315986772841
2000-06-13,-52.54119789910586,-32.60947165933627,63.14732875637945,-97.74389084339406
2000-06-14,-382.7888942034954,66.89633688302014,170.36618500720553,104.12149235473338
2000-06-15,-5.366340953050348,175.6623130909266,224.04489738518888,-380.1403007841269
2000-06-16,189.34451480772745,20.800802524129168,-35.51722955462234,-175.2014287190977
2000-06-17,-27.47265418695461,23.280901983479545,330.66861363125327,-177.7319975397109
2000-06-18,-181.28683954887916,-150.6487097836165,-271.47429479841645,-227.41589070738527
2000-06-19,143.446966393572,48.2114001552986,73.29385438709197,44.31542429292414
2000-06-20,-30.809483722815344,-314.4904966642362,299.31524983611934,24.301082867923665
2000-06-21,137.936467933377,359.1437544337864,-19.510247367519554,314.65303410250783
2000-06-22,-59.446134606155624,-117.62037024588264,-37.62143102690573,422.2243834503465
2000-06-23,102.43053890906853,-38.693738309403166,-280.8087764831882,37.64360442037821
2000-06-24,-318.1642751153553,-343.46583015333806,345.8641857309139,95.58941714155539
2000-06-25,-295.85603089394806,423.5433198071763,204.408296260944,-107.46250915521736
2000-06-26,228.47174013099198,-56.17355030971268,-11.865171451238608,-364.75540938396546
2000-06-27,-79.80432103279679,152.8447904500603,-118.33049184230626,-173.8643865623928
2000-06-28,-292.7357404389748,179.69464019423927,148.07891622429128,-71.17964468679067
2000-06-29,216.0476476228769,-226.75265092619546,59.65556220276992,163.57789214024828
2000-06-30,-175.32564290413475,66.16680076722395,-84.37879483967934,329.8882270948722
2000-07-01,198.72284009331037,-363.5362022533401,-232.8938483089148,58.67227280199599
2000-07-02,82.86252483569884,-181.1567863035178,106.52980085741066,-131.58319879063805
2000-07-03,-120.21952278329138,-73.49753484272227,2.727723855562499,-37.64838238150144
2000-07-04,-222.77174919015118,-123.06251696495103,-46.47926343930378,-157.25504160416034
2000-07-05,89.57661094275463,70.91771105068648,311.3568877763552,245.50618693475158
2000-07-06,-239.38517327263526,-145.89585013907654,107.24936674761527,-170.41493057148446
2000-07-07,-177.66105091841553,-48.697558053087256,-120.78284341913348,189.10682811396939
2000-07-08,22.33261996458885,97.0980831687793,-2.8375684151649616,-5.218083159277883
2000-07-09,32.607275948579925,-85.6773937570725,184.73387979344946,-267.82869610676084
2000-07-10,29.208572729899814,85.32058543917945,51.77874218237781,-110.56964345086287
2000-07-11,-209.20880671826626,-271.4765592958049,130.95705507331488,183.91472577670095
2000-07-12,209.71807527128377,-90.15783264555014,79.85506657472754,-187.36642864080218
2000-07-13,-56.15897990963488,455.0698404524485,-82.37016092435186,-172.48549112648098
2000-07-14,274.2509385641142,-378.93642291491193,5.106013776468292,150.3803786015239
2000-07-15,-145.1886643791224,259.20652770309636,181.92610633087756,80.41022430232535
2000-07-16,186.3061047544517,-42.83623220292943,-30.295958624181303,45.503738774197934
2000-07-17,167.88661693701158,-70.83977205515873,-282.3076767959067,-106.41415197941994
2000-07-18,68.98361026189241,-252.68779238960124,-110.32826059512908,245.56898699726548
2000-07-19,277.3201355244274,-133.3007965237544,281.8139165906107,208.2344303932537
2000-07-20,-65.56260329658545,188.08315691172004,58.45050985618769,-301.3224198381643
2000-07-21,-338.1434307402417,27.04451676436847,82.21318990021247,-133.1057279572943
2000-07-22,-199.2400314972369,199.77742211212149,461.7965301994415,17.960787520670067
2000-07-23,-74.42152896743471,109.2200884810293,-61.38059226552265,-161.58703364719486
2000-07-24,4.759199662206008,-88.31212984747451,258.8037575512915,-138.56586989778782
2000-07-25,-57.510299623976216,152.58390620487518,433.06279335535055,265.4835156632112
2000-07-26,-145.68102977090462,-402.62270750344777,-150.8416440827603,-28.3887785310394
2000-07-27,-305.7627376405021,-63.143464106317474,418.6971647585942,304.0049115230663
2000-07-28,-121.9480603285047,40.17056176452616,117.52128507869908,208.10617362386728
2000-07-29,287.6242662935107,6.041910198752203,131.84250006717625,61.55851463526844
2000-07-30,114.17906043480718,-281.30944533709174,135.23149393843755,107.27823959378344
2000-07-31,157.99140453631725,-49.98491505173017,312.64010544259634,-194.69918673281845
2000-08-01,345.28884504510665,-230.430747099042,-310.85033029764116,362.3905110088033
2000-08-02,-202.66930415173584,-80.60870324719676,-193.37153595129976,-223.7329798397552
2000-08-03,77.28846275159637,348.17083327372893,-75.26053184418043,87.01440293009817
2000-08-04,112.6580511548701,-93.80061374952957,96.91799622607303,111.83078464426943
2000-08-05,-45.150820708137324,-180.86026748615396,-231.34357881817684,-20.68381501917119
2000-08-06,-45.01931923710447,-92.54537674540587,395.723068014879,-60.388334216038196
2000-08-07,-66.15732947267992,111.3795495375448,436.6313504280167,156.7498264356985
2000-08-08,294.1786056455629,-10.44697050717327,-133.6878354949296,297.1999223245598
2000-08-09,332.9919371546272,-93.53560282680063,-139.28447383366742,89.25899469770007
2000-08-10,109.9558153952892,392.29165889312105,-16.642866927387036,393.9376048879674
2000-08-11,85.60781665573914,-151.7147591603212,323.5694312834954,-315.17587320335844
2000-08-12,-13.76028343533053,-205.76695839899273,-231.9605820555472,106.36110147398978
2000-08-13,-379.889126125857,-366.1391161901102,195.69574513059175,-91.66698113679517
2000-08-14,-264.77362612812175,-398.08217540547514,186.2648730922017,-263.6091265022844
2000-08-15,125.60518506116686,168.10970966502953,33.15698608168042,-383.2926914726356
2000-08-16,-87.79359787203785,-354.453796045997,318.0725442917554,151.98147924898169
2000-08-17,-290.43556153194265,-92.69474284272383,90.01868700246585,178.71034066099492
2000-08-18,-87.82744203451364,97.67907985311814,68.24194731276229,-185.41030507204306
2000-08-19,-91.85242145809484,171.30741903776246,-40.73182180489447,-251.99495651924676
2000-08-20,104.99516407830167,8.939360439527084,-130.40930024592018,-139.98782913021617
2000-08-21,-198.1908878786623,-14.94564468337434,294.7312705511498,-22.266760063587636
2000-08-22,-44.44233575730286,112.19706063182355,-288.48128950471,220.54668828541543
2000-08-23,-188.82620083581511,-313.03080380310024,-189.7755379458327,15.33548824886926
2000-08-24,-267.0440733898799,135.77021676983006,-137.39180113748532,-196.5144560440181
2000-08-25,-83.66417394033854,-168.0844575973632,-99.99823103138844,-226.25694217059063
2000-08-26,60.56878592247035,29.68811723183814,18.05248412963214,272.7758230555432
2000-08-27,-86.36057096954204,186.3211987388557,47.09054835118756,217.55050161621315
2000-08-28,0.018369587826598834,-372.89608001482304,232.49250977179142,-151.1893529172858
2000-08-29,-383.3617305532809,-60.522483647891825,-216.09176541644558,-213.51396941925617
2000-08-30,-225.0868451118385,29.522289813974684,102.71526475426411,-343.35110730339665
2000-08-31,-143.81920555323393,93.78106909711573,-188.25018347526807,-146.4909822141935
2000-09-01,-78.87551577196568,138.9439465083577,-62.44001400215594,163.35963608119908
2000-09-02,19.796664421800326,-308.4509204263217,52.26571583827935,-369.8617043305956
2000-09-03,-122.04640513229845,-100.25662230949182,19.286994196747926,-52.98782095182318
2000-09-04,175.43583370459515,0.1572891162561187,-352.43716501515024,-244.69063778277246
2000-09-05,14.336747147479581,21.666647908566986,246.71341579693728,157.79713659291198
2000-09-06,47.6527096998005,73.11823794487984,185.58960522336244,113.75284087458924
2000-09-07,157.57489476155104,109.35816422928386,-114.30561930279354,140.66918604513697
2000-09-08,-337.1993842784906,472.4290613875897,289.8492502461713,124.11928843852758
2000-09-09,-149.12980321786037,66.23579272632078,-86.344402606743,187.07652215911688
2000-09-10,-6.474927190596184,-243.8216529804891,126.26064818074589,95.39739374825643
2000-09-11,-279.1176465896625,16.970464371313383,156.77443721493276,344.2627439940167
2000-09-12,-108.0961617196324,-59.40429901172137,-372.9759085683127,-126.67161469118152
2000-09-13,2.939811355387164,40.17961282806006,-228.3243421961605,-30.774898980269633
2000-09-14,245.3191025078481,79.28918224554074,12.09267587945793,275.25296191255086
2000-09-15,99.37423137001646,-381.2617020576562,268.80059156881885,341.5324367442997
2000-09-16,-489.58426673309725,-308.7996789745,12.852951831252504,-124.11125133577285
2000-09-17,-150.38928400727806,176.83858633860368,-100.12451196576598,193.37624042027412
2000-09-18,167.10551811702004,-84.86634084940027,68.01948529590453,-216.2793470336378
2000-09-19,68.92570809193973,-473.35568579387564,143.54547449246377,-312.2407981885901
2000-09-20,-208.9087721275599,435.4172617036805,-122.11463543971088,82.34295777442478
2000-09-21,36.63428428762525,-48.69249806170624,8.738556893504922,-240.91497577872934
2000-09-22,-37.535195736915675,-223.86867079949212,-27.837239645509626,268.6570843640755
2000-09-23,90.87857739107834,-104.23204471523104,61.357249967431656,64.96153360445591
2000-09-24,69.40525746731963,-237.04930784134714,-115.15340137398331,-118.21520269402697
2000-09-25,-395.82757694145323,229.98701970496134,-263.16624424233817,-58.82040523158069
2000-09-26,16.78743356991407,-287.9233579012903,-38.884603100118596,34.65782072157978
2000-09-27,439.73681571972196,311.44232944010207,-160.76373116482566,27.870508131371004
2000-09-28,-43.934445789102185,-82.25867295076274,195.59744672646252,197.7613402470404
2000-09-29,-110.34199864303595,-101.75039102716761,88.86556134099123,221.6668628901671
2000-09-30,31.13206558531352,-216.84831595427326,109.04103224473877,39.08256960931538
2000-10-01,416.6167730243413,-173.08593723892918,-168.1107713447046,-167.83860138204852
2000-10-02,53.350117752494185,139.18414101098665,232.94662504742925,23.74515260938289
2000-10-03,-161.33600247417198,-89.50612731652298,-55.94246766221983,-337.01635659905725
2000-10-04,-237.93095195592602,-164.70570057590126,198.87489645682518,79.17301123418413
2000-10-05,97.15196019864706,616.0269146260173,27.22491748981334,147.30616095732069
2000-10-06,-70.47487813863327,400.3859355907327,248.66366879801768,85.66682284763712
2000-10-07,-29.06480740652747,19.557109677472955,-74.92211019864541,18.179817263166573
2000-10-08,169.39050504078526,118.68604934550957,296.38888833988625,332.2741510719267
2000-10-09,-49.253665287829335,70.37191713564306,-19.414544980685065,-333.37144865924205
2000-10-10,-301.50991527734436,-23.851485110078944,58.55263182419568,-125.11353428676107
2000-10-11,-164.69321166272448,-94.8342930551531,-304.8347803543614,265.69040025598724
2000-10-12,20.23220440692359,-257.0188794685455,-20.788431390414544,-213.014437134913
2000-10-13,-103.40572628689107,-152.99871979605726,-64.47956491174347,120.95679690885682
2000-10-14,-192.21964773195035,-207.64573020708733,-113.11160610558326,-300.7631509854018
2000-10-15,181.35964025597784,-441.4579047105292,68.90504319160475,-171.57647213623258
2000-10-16,-248.42416234492663,-50.790095980636586,-134.24924280751213,-104.43227283141536
2000-10-17,46.50969292955717,-323.53764014275345,113.2264375826343,159.16062310558615
2000-10-18,-7.817431121646047,260.0908195733469,142.07042347213397,93.67694587806848
2000-10-19,63.95723014212895,5.825058865065153,-377.66954455052723,111.10012630450083
2000-10-20,287.5152329968658,-382.93758332815855,-234.74555641233135,-18.11171871106477
2000-10-21,337.175069845182,-386.9263553240138,-170.03102624901373,244.3717773519794
2000-10-22,178.85424038281315,-148.0383674870579,-19.112008336947838,-369.3235129007634
2000-10-23,-100.94337604040969,62.71636317211613,-5.0900548178520495,-115.66321828514006
2000-10-24,386.90200225303164,-40.55094781084971,-122.8659241089914,183.29103820421383
2000-10-25,-112.28816628740894,-337.95996971311877,230.64254683831174,237.61378158486673
2000-10-26,334.4728956367631,57.414557751949935,-203.9209946614578,-275.22515455118076
2000-10-27,-17.9439819757297,-159.4313940943795,28.15247200546053,-251.5572708813658
2000-10-28,135.1794096180777,15.620682718701861,-157.64493395939584,-194.64781032792328
2000-10-29,-33.71728851803801,-198.52675277810025,-61.06103742696995,-205.88420959213906
2000-10-30,-70.52732114148334,-82.28418341827211,-40.9042184650254,398.18221756602344
2000-10-31,-55.05971694034923,329.3484115698643,146.1390512361141,385.3400975193477
2000-11-01,-292.32229587098806,-85.69874662411078,101.86281306784788,77.8532568788299
2000-11-02,-196.5980274991303,-114.64936813669394,127.54559142456073,-68.45422939119015
2000-11-03,-132.81677330633826,119.95740866417847,81.37987680076392,-189.00199087995694
2000-11-04,297.64858221733925,410.08613495167026,20.87933714730352,196.58003961389002
2000-11-05,128.1180321680803,93.60638620490377,84.89397564380576,-378.68182313045247
2000-11-06,-36.78366893880248,30.56468545550171,-83.462076133656,287.54877185788985
2000-11-07,51.70717286512407,-50.904449591766074,-307.67318868813754,244.66261957081437
2000-11-08,110.46144912052827,-96.8115505107668,366.36837867774796,-340.87637434899494
2000-11-09,-164.28709151395066,127.40102163345355,-72.45264298222594,-68.2349053066875
2000-11-10,-31.10072253125798,-75.98994846912183,21.278956108113444,115.49531943532547
2000-11-11,52.816653246885956,-344.2637203728376,-215.82862453947848,8.801479350998457
2000-11-12,-171.5003738098903,-68.14806755294502,-169.96416007658556,312.84734229335135
2000-11-13,72.37666299938577,169.0903347062078,191.42953339312473,46.58604875965773
2000-11-14,-144.38355931368005,-59.391965342226314,-280.3174837159785,240.0865270568324
2000-11-15,-156.11925328527644,-318.25584929272037,48.71493422138634,96.7918957644345
2000-11-16,-48.38366255220532,-121.16866896874366,-127.89776415047874,290.48427567935653
2000-11-17,23.923461903502663,-170.37392708000968,238.03276381632776,61.738315848072766
2000-11-18,-281.4068195226114,198.68184614886786,48.125529255992575,-181.95516607114197
2000-11-19,106.67397686180198,-255.87860937448488,185.3105501805145,132.32480209597617
2000-11-20,21.626770515708234,-71.61986464305527,224.94068436022405,-108.37925409165933
2000-11-21,-155.34364789666947,78.70237653895398,316.7788345509861,-174.1243871796572
2000-11-22,-132.79652171555446,-142.3835053317003,371.86573009192665,233.92978450286517
2000-11-23,55.72302348211081,-114.52608952111535,-277.72753539571005,-26.59378184620896
2000-11-24,-151.42950968568806,60.156268077248455,-369.48430799342543,-74.39266142562153
2000-11-25,4.263035742779754,-138.09150591626008,-119.46797062826356,-340.38107498404855
2000-11-26,-77.08518213699686,-163.57577476345423,49.0465588005199,-139.48998816614179
2000-11-27,-104.44828138094817,365.55336902919123,-542.8206012773045,80.0640557440755
2000-11-28,173.7683492975693,-184.60290012458626,-243.88867792526264,-55.2683500803508
2000-11-29,-339.5980855012779,324.6565709848322,8.131664399972708,-68.06986617326905
2000-11-30,143.98053361187834,-352.681453737632,-88.95879621554411,-225.5250140998563
2000-12-01,40.23805581114469,44.232971908255294,-546.0749099000349,169.853631551025
2000-12-02,-73.52589074529564,-443.03255022268263,92.44224237272486,-192.79131646323808
2000-12-03,-12.486233674571439,339.5516358518769,-42.70121834279594,-59.59940714317986
2000-12-04,239.58472102787343,-142.48595009794076,-63.0844648282192,-184.73211870406544
2000-12-05,-74.36726828026171,-23.220504080407192,-357.17138685277763,28.27331759630485
2000-12-06,313.07744904487237,399.87032958193,66.28400365552743,75.31467211547384
2000-12-07,-280.9760904131724,126.93736990867453,-17.460490252477218,173.65974512106573
2000-12-08,-182.724453152529,57.2102854027713,-174.97605649238352,14.84311041798513
2000-12-09,77.63165925639942,-250.44872137468755,61.288826751488045,287.30558493267944
2000-12-10,58.14684065588099,174.44966648098594,-252.8452560426948,354.0919243061012
2000-12-11,87.8611605849244,-297.5678767213128,-344.2638406223361,-59.052412781545506
2000-12-12,-610.2391330277958,-262.53094164578556,127.28850252656116,-133.5054260743723
2000-12-13,-61.8813182919121,-323.76379371791046,-309.61660500421476,-165.27993369135282
2000-12-14,182.42883876373767,-288.6353285185833,-89.08020655324019,102.49300293643047
2000-12-15,-5.686567598108581,-187.6832991208125,27.45390464801157,98.76730829925883
2000-12-16,-10.044059810641734,39.97549054109391,220.96515255060734,-143.71834965112322
2000-12-17,-208.66106208972477,-60.044447481922155,250.0590541672913,-98.32795904403768
2000-12-18,108.42767475969322,-79.78474690687564,-35.15802871029316,175.85041483612548
2000-12-19,-0.7935219608567967,-103.6712123064922,-3.023110487124491,28.626052100355594
2000-12-20,-30.84438156858213,-186.79029007670133,-38.01026597969576,-46.317732986815585
2000-12-21,146.98840570111332,-4.0953926734004655,-38.604570558898835,-73.12659824112504
2000-12-22,139.10371485054375,-160.71482868721375,-591.8615226382558,-93.45029081929962
2000-12-23,309.8761751144134,-363.87575255809446,116.04741223870283,129.15382356141575
2000-12-24,-190.46356563979862,55.83932318964607,27.511775870409743,-52.696316114484155
2000-12-25,-241.2805386479205,226.3851197413314,-229.78471065507517,206.88792224738015
2000-12-26,-340.97840094878165,123.50013056781424,-31.314911151983292,-163.5217039636585
2000-12-27,-56.59230076350173,9.898148758424671,144.56828876321308,-254.51772011372964
2000-12-28,57.15343915956807,175.26218817777618,-251.58980416196863,-95.61074388698088
2000-12-29,31.548461362984238,82.60254492536056,-420.1675839985733,299.83524767537534
2000-12-30,-31.88048565129576,55.96937094839698,120.16066901910389,-27.99765073156435
2000-12-31,-458.02953031442604,-78.35319498714112,-93.89319665795185,-10.222849629923743
2001-01-01,-28.10276193349478,-56.4137708656694,172.63817308493543,197.11674210611096
2001-01-02,179.19564206174655,133.43041142150108,149.30102422214947,-109.55696575775447
2001-01-03,-302.06516032597136,-421.92382952260255,76.75538372750634,-101.44821545269555
2001-01-04,293.4468828909387,266.232402702712,-278.47510895219244,-174.7721684304921
2001-01-05,495.0156838470399,148.78677094493312,207.80785606540752,172.30464746252667
2001-01-06,143.88961710248216,13.727959910431439,-19.222235569716638,-153.91178405207648
2001-01-07,64.71605835192703,-544.0991207530411,50.34537645819912,156.05427532640792
2001-01-08,-202.73979258157823,149.84632149625793,-57.50720609151134,-35.266026961886965
2001-01-09,-318.23155063116155,23.999231190938012,8.797711761664532,55.32387459500849
2001-01-10,-336.17707471190556,48.90534632677926,80.35028320353136,228.07239592399583
2001-01-11,-28.80441818100246,79.42533826005594,11.842828902533691,-43.382392247905905
2001-01-12,-45.694463129063806,127.36171403637944,-311.9865538710933,-371.76970390108886
2001-01-13,227.1072304936603,95.94829974988406,-262.2391955747208,-69.64957323297224
2001-01-14,-92.86513972016243,189.63255366939384,60.50046576604259,227.5602332568581
2001-01-15,-232.6923733607674,-242.26224494396868,-285.6121834033454,-230.15756342754167
2001-01-16,103.56996477154192,372.73093958711485,259.3229403946186,-442.3698942664307
2001-01-17,207.8058558207663,-126.4190939008056,115.55023330194179,-257.9497216301147
2001-01-18,293.5857079006826,66.79963034977199,20.130344272256988,-31.494186100161347
2001-01-19,33.0921549042354,-52.026828641080925,-229.50819308564826,247.21490450432856
2001-01-20,-230.86728043533037,-67.4730673546621,334.6661449274563,110.69187990213294
2001-01-21,-283.573478859279,-86.08586793969371,-186.6099381695429,-275.19603524710465
2001-01-22,29.806287667711967,35.09195695279797,86.57915657229104,-83.52206820863985
2001-01-23,71.4627397457099,-231.69829819104874,214.15078904171892,60.8660148954646
2001-01-24,162.68159156693002,27.457963914877492,-10.001007092336579,-62.897284610982936
2001-01-25,123.11768721346168,169.820809315693,-200.1917018424034,-74.77330692629187
2001-01-26,-211.61029980001217,-419.1169816881695,154.33226569258528,79.19501190586755
2001-01-27,-109.42529238945336,161.46994243494456,-54.986115899621645,-230.80271732155612
2001-01-28,256.9362949324777,-42.95241755658192,-139.67564634248833,-235.0485726607858
2001-01-29,-15.212136558020237,-64.93960227171813,-248.4244597256221,10.492658354349455
2001-01-30,301.28093522332057,-122.55068493891899,131.22755867848574,-120.76084911484797
2001-01-31,215.69533682646616,8.156885735961739,96.28762470663081,69.20969779272984
2001-02-01,-319.47472863306376,22.488444271286475,194.05174494207375,-168.03673201522656
2001-02-02,-121.96761494794725,-306.4222252564762,82.61619245397634,-247.23685212684856
2001-02-03,-324.8671628594357,318.39846924887786,195.0330554829988,-2.4477551563487308
2001-02-04,44.83788937875762,-74.74811118111737,67.92815493913804,203.79818675510023
2001-02-05,218.85782024101655,-167.27430705288964,-13.20615060091097,-12.41980439682583
2001-02-06,-309.0672807160606,-33.37086730441183,30.72955916051663,-92.18422737734838
2001-02-07,378.5549387107693,-48.486616097591366,344.0388750996321,-158.92955919563124
2001-02-08,-196.7490289886255,-57.46167263796605,-73.49217397958061,272.06359089515155
2001-02-09,-63.78807081287251,-348.8570407606065,67.995368419238,-124.94656312643768
2001-02-10,-98.44874880142281,-286.06118164841206,162.61768331237465,-10.58534394773012
2001-02-11,13.841107960726298,-205.169961041058,-61.966101266748005,165.51729102541398
2001-02-12,-80.01394997319578,216.26098051237506,-110.05021043894187,476.99696928219373
2001-02-13,50.11371641553101,-18.93313888864989,168.8728316092544,161.45719493994045
2001-02-14,-454.91343187077257,15.905310940646375,-69.2801772492728,387.7890137216049
2001-02-15,-218.2314180774157,77.83864052778031,-20.663051941012707,166.3521880085459
2001-02-16,-178.78154317865085,114.63618294000074,119.6849989618482,151.35548306202566
2001-02-17,-375.2181163068734,-327.01382607661753,387.4764720082595,-337.7205119277419
2001-02-18,-223.26436572413746,-131.41284135116248,173.7923067109894,60.77183815969987
2001-02-19,-234.87334372773964,215.14726396886252,-411.76662798297974,33.3539618569585
2001-02-20,-242.30925655648053,219.19019063490143,-103.76528907903318,-231.36333331770453
2001-02-21,-63.70540858405427,-21.701158912454,150.98894477823376,-13.442314308885617
2001-02-22,32.688835388515024,42.33018337712633,42.41095905272312,-278.6305769748874
2001-02-23,291.00146617251687,171.18971850077875,-130.7437221871372,-154.12530229184225
2001-02-24,-246.63626241134534,-155.6580561187919,187.78674850670362,66.59844549625416
2001-02-25,41.4732136427415,404.55822459817404,112.64244001529629,-48.169390308971465
2001-02-26,173.70234679816542,137.9359751448801,-63.59147397323146,-5.949482865872201
2001-02-27,6.551885508138911,-317.2564359770884,58.61075488512064,37.09674392005919
2001-02-28,480.0631520662752,111.08970905972538,56.65215412261787,-203.22683856118383
2001-03-01,124.42482749042216,65.76617528558855,-302.97623955401167,-4.136315384621396
2001-03-02,34.90071845677532,-165.2756606024117,-11.71953006268613,-39.71223411697926
2001-03-03,2.4137918663117484,-13.946460737841553,-29.747164377617434,-362.63894705366863
2001-03-04,-35.54150632441565,25.07720017411026,33.52348538151087,-496.344167142558
2001-03-05,248.1304053985337,-67.82608294969808,53.71022608660043,-536.9965830117026
2001-03-06,166.23790883860053,135.1595121535954,80.1852070182989,283.69191602927077
2001-03-07,100.15880701303182,-220.31294878089884,-169.90718130287198,10.83757770394526
2001-03-08,-73.25885152141487,407.4877542315546,405.0816269254436,-82.05015044751445
2001-03-09,231.1354236087971,-334.73179810577045,-8.390308478578252,109.58258033993715
2001-03-10,11.06815655780707,-317.4289161643011,117.26397725910789,-238.3605308005434
2001-03-11,-241.43774677288596,-99.08743806615028,-146.71440244836307,156.70368656863744
2001-03-12,-170.22047828268595,-483.6226569575342,-50.82543142366427,56.68739959913594
2001-03-13,328.11134778574285,77.92215260323707,-122.70834498377776,-57.47204454610316
2001-03-14,214.39286362225843,-328.7779776965945,82.18630994249641,-165.18643431620603
2001-03-15,170.1815829410858,122.33988188588123,99.0732507904891,-265.7193961718088
2001-03-16,-444.8083360235957,186.92100886482547,-411.11474670542754,522.9670711885439
2001-03-17,84.63046515154069,188.06826475247942,-266.113913873592,327.8036712343496
2001-03-18,142.48096365754873,244.59059807976175,-64.40693846775244,147.6504389434482
2001-03-19,-504.08713624983517,-94.48373595272702,-177.8903607308764,98.24467312240857
2001-03-20,249.46000901568178,54.728327945855234,-310.6822456861368,26.04992963790343
2001-03-21,-68.04034842637672,155.38194144454667,-301.04165760836554,-76.24113354723153
2001-03-22,-96.99585304441104,-179.61630418008028,225.07682591865023,24.414974401524812
2001-03-23,196.31416044602696,-205.2893856951008,-123.5140504086413,88.71251683193006
2001-03-24,-67.96615796993686,124.23979388851636,51.708278560151854,218.08901231600356
2001-03-25,-176.73014946847513,480.5767408889966,715.9334528454995,288.13951306311924
2001-03-26,-245.76973851119365,44.54432860727525,-494.92805475702477,147.24114114313448
2001-03-27,112.1867774291416,19.06096329270511,-9.306782762253896,646.8173929954969
2001-03-28,63.79567301954473,146.21719463580177,202.16748976185812,-291.2298426347948
2001-03-29,148.68265026340222,244.18598094564737,-105.81142882467007,133.1422495302464
2001-03-30,-61.92489290713555,-25.040839262195558,220.88042687368406,-99.14649565583264
2001-03-31,296.6979612578216,-106.77152431246839,-88.65301506388072,-68.86389745090246
2001-04-01,-36.79906712612194,124.47283117185522,113.12936596880834,19.391085045007756
2001-04-02,-192.18613294509348,-142.74206006205105,-288.27050806582054,-6.617746101141743
2001-04-03,97.33998469492963,19.33243577747153,43.80268958829049,36.85106108501495
2001-04-04,283.08300092293297,-203.46576649916108,-109.31818615095541,-2.0966822659592976
2001-04-05,323.64973100212757,-90.37735140020754,25.40085265018965,293.8050359296545
2001-04-06,282.58222502313754,-5.87829584426981,261.7429295483754,-103.1225064581756
2001-04-07,-41.80614090178651,124.92626763960095,-86.72095833784248,-96.27895729817043
2001-04-08,179.67165589802968,213.29328491712624,98.11743937977874,-263.7417616798685
2001-04-09,83.88133198471617,186.57568501809286,182.39769027253877,-311.5849980196587
2001-04-10,55.26090536712477,-168.45031371812124,396.32664264393406,-177.2718926017947
2001-04-11,164.97599757261045,54.4721030673079,-322.7025462053499,-23.56452699874357
2001-04-12,-60.32550410867367,23.646628422353473,-308.35210967230705,-175.71011273734308
2001-04-13,-209.29602344292593,-0.3469496502621522,-287.67387699766385,74.77986935683293
2001-04-14,-248.57906586611347,-94.53009178228328,-184.89143152733988,256.70697962441227
2001-04-15,-45.10115203850207,330.6773271444282,-193.88995637248567,-182.86768552061488
2001-04-16,-18.55805379497559,128.56081463838416,161.06863335621634,52.554066683904665
2001-04-17,321.33666383120647,-250.3622060261809,-325.0471585281895,23.732917397322122
2001-04-18,-279.959467555807,33.48734837261704,51.548926513167714,187.71927523048566
2001-04-19,310.2273960138584,-148.9387829145356,241.27214507129494,-89.81013964809469
2001-04-20,-82.92690207476267,390.78572987741455,208.53167581452712,-5.785132019698522
2001-04-21,78.1206139292429,-1.4805017554284654,-21.81596497389786,229.58562933904477
2001-04-22,33.2873156351359,246.60916764223214,-232.0357444171778,-68.40002476617134
2001-04-23,-159.13226147886724,355.346613557405,-78.46211161150357,-46.68633210681812
2001-04-24,25.47383676216385,519.4485418812479,-22.830873387947793,11.64909877387115
2001-04-25,-58.640117570836935,-65.20894348375468,80.52629209968238,-177.3445365104177
2001-04-26,-248.80435846607028,-30.1692041847834,-165.12087043379924,106.28500411033177
2001-04-27,-107.82717628597862,26.252748518780393,-198.91555536511595,-110.25075117162875
2001-04-28,-356.6188904047421,-87.58982413916392,39.739230613292996,-56.03716515788667
2001-04-29,-34.16663616862504,-74.80919317786172,419.4760685266818,148.71387619040289
2001-04-30,-242.21415702460013,35.81569168385009,228.75902042996722,-147.3246290600175
2001-05-01,-75.45538595960241,194.43039784444863,175.9298909778212,-125.53807951282757
2001-05-02,-105.41497887874198,138.42121607792092,-64.2310243761076,-320.3842259952301
2001-05-03,264.40040701279065,6.723762905120443,30.316082732701833,-120.25006964419906
2001-05-04,-7.002192445218376,5.9853214258304295,201.12920655324297,-251.60847196730356
2001-05-05,36.06885615220668,370.5446070209184,-251.38483658625458,129.9364518371143
2001-05-06,-15.439444005779896,68.77270481129834,-243.67650404906271,-154.20458293892727
2001-05-07,-20.119360975789977,45.64718636797688,192.388693570202,137.1778020454679
2001-05-08,-46.15102720530375,131.8803626073993,-174.5976444534253,98.61494957943502
2001-05-09,-125.56786924038994,165.46634650597275,-138.05668439110192,99.21636891497711
2001-05-10,-20.616555627860116,111.14449804736873,333.41577785847875,-165.5320948724719
2001-05-11,81.07037243389445,75.45597152994503,189.26093272790834,78.88242403912153
2001-05-12,-2.713581110541134,209.37823926447555,81.20558295712067,399.4092989839429
2001-05-13,264.49153828406446,-170.69547822536342,123.01327295866413,54.9208227719251
2001-05-14,292.52957446129216,199.85294888930534,-98.80235009919065,26.99421196958881
2001-05-15,-384.1220567903155,-219.99324225378993,-205.2108117026878,-264.6653515439914
2001-05-16,106.78638235934505,-274.89142416936414,274.4194848683892,259.8343602665753
2001-05-17,70.95621470218497,-3.5194100019457895,50.02697436982386,-59.98411560276624
2001-05-18,-126.32869117806081,-71.27897673004325,-288.18797099339366,-144.79871155675855
2001-05-19,-353.0902684917158,-457.17287909985504,-65.95502447316409,-469.1448504563893
2001-05-20,208.12511666143428,245.12667756897093,-203.5208011267759,-12.41203398335029
2001-05-21,-393.6928947472681,-214.19122070337016,240.88201652136343,58.37370016516861
2001-05-22,-16.82673129847763,-56.42802459273523,101.6662466747388,12.264661171155684
2001-05-23,-278.6187834369077,-234.03108879453828,108.09735413533019,-56.44506047775397
2001-05-24,-69.10544057842411,-373.1626384172337,-41.59655088579947,362.0978923862393
2001-05-25,-84.2059353527534,-191.2776707824009,-58.922377971774566,5.2530197152921225
2001-05-26,559.7998662413903,-587.1652728407635,-153.92604106512914,-53.30748881885549
2001-05-27,-285.245475115951,-27.762463416399104,229.33547988249137,92.86448151697782
2001-05-28,-187.9992614252133,208.94049825272546,-171.19564894781283,233.98912310059043
2001-05-29,-89.0848606200605,-11.744398752667426,69.38857946860308,-106.16097941230684
2001-05-30,278.5896245027529,218.3409880224672,57.90250129049001,-7.8280045537109935
2001-05-31,8.809718885890817,246.08683386209114,-127.90428411353277,-6.0198668732921385
2001-06-01,152.35199272538452,177.99346573243736,54.35879906282926,67.50524716806491
2001-06-02,-187.49230662794508,-63.933957823484114,160.66605210006662,-23.636064266247743
2001-06-03,23.77737672926882,-359.75451425159963,-81.7848709361066,-27.676794589878305
2001-06-04,-256.52283018781884,-119.45770895277393,94.36587039651768,-58.74497843507541
2001-06-05,-148.94046329981316,-230.83159098952882,-206.8540090424073,-9.010512756142315
2001-06-06,45.63575799412255,-81.43774309914826,288.65336485775714,16.162619287129466
2001-06-07,-467.24011060629306,242.9627260045135,-117.5793323570392,-274.2790227869809
2001-06-08,-87.05676143262343,-22.58586711650477,152.51088594653868,-293.7826577038359
2001-06-09,480.26067829944355,45.272551831996616,131.66965534362265,65.14481623379066
2001-06-10,178.96596274917022,520.8129899654715,-228.85222732104418,-179.56643503312736
2001-06-11,-30.667570300341357,427.6596456177125,275.12731883388153,-17.18523069585437
2001-06-12,135.85168221539183,153.51461507732307,-69.99248110257163,287.0176805667547
2001-06-13,-33.24320617997027,-33.14699871293536,-96.9882955555134,-70.97273293484349
2001-06-14,111.0642924440705,-193.6167426593541,105.74639508823029,200.30849432445214
2001-06-15,-301.74572153371975,-447.81702155604563,-63.415029634210896,-9.027844513299248
2001-06-16,95.3785900978892,-144.84786420493708,291.75433830662877,289.0316671923986
2001-06-17,46.703571313802875,121.82614709434681,118.9649842197569,62.55665790068679
2001-06-18,-93.24370318252315,289.38270047580363,167.3435344911011,213.9461941394553
2001-06-19,-555.4792425147689,-30.35120524287197,29.895710735303453,-143.8460419002814
2001-06-20,-130.71206721448087,111.1177864846707,36.44268073880921,131.49919587059412
2001-06-21,9.92035330924444,-266.70625650748985,93.24040695639559,-256.34411922888194
2001-06-22,-246.55374118908472,-194.40362192304917,38.75523595649712,-84.08830419534824
2001-06-23,-64.90788680982355,76.05272707038611,53.34329789921895,-141.1122784529038
2001-06-24,114.02662010373253,-141.41107641001557,-69.49100322257708,36.1601898817476
2001-06-25,-40.46974440026657,320.22132172373506,4.932888951120093,-59.00415791276251
2001-06-26,277.68027936339007,285.87441608127244,297.866092338048,175.44232228517768
2001-06-27,101.37766205704446,-85.44916243365455,-168.04845549680297,-254.7145152489172
2001-06-28,291.1688999731941,-42.070821273661096,-146.81469942217063,-104.20842882329411
2001-06-29,-168.0153608921379,50.885457132680656,166.64637691045283,-133.456475647271
2001-06-30,-117.08228712485594,333.7068844083369,156.8529312069254,82.27422136476669
2001-07-01,-307.0214124226399,-9.320095037019128,-234.0665196753981,-219.7743211765328
2001-07-02,302.55046848881506,-21.44943829606182,-56.000742688448334,29.8457706792161
2001-07-03,-547.2955663789138,199.88248625680717,-80.4903512700886,424.9821878215835
2001-07-04,-44.341424648418766,260.8717506871018,127.32929081005746,-17.96254609548795
2001-07-05,41.699035311302865,-135.2644861901935,-20.564749912183206,-104.6667188459852
2001-07-06,142.8255110623341,-12.78058836917938,304.6607384310969,305.74513061552284
2001-07-07,479.29493750456,-230.47707624760818,222.04594762573612,-166.07212687746082
2001-07-08,29.88407499532057,-125.85520750669956,-240.4308672815166,186.23166013787693
2001-07-09,-436.64281957788785,178.40822315264626,-107.66585583760524,97.45667889162242
2001-07-10,553.5064340192768,421.449632745485,96.24693873902896,-201.61471320927288
2001-07-11,93.427135588817,323.7864151739157,-184.7633316197853,128.04369633618896
2001-07-12,27.648146360992598,-393.66682171914374,-173.51001456171355,182.0470096840724
2001-07-13,19.434320049041276,245.9517237452199,179.13085324942827,61.1209648772665
2001-07-14,-176.320323063085,-246.7950879185401,-64.67139181566989,187.33891108304854
2001-07-15,17.79234998302462,-40.06110610346148,407.6303353686934,-156.37252357797365
2001-07-16,106.4937655903961,-81.79511604389288,342.277182226634,-38.80665062574588
2001-07-17,98.77729230566769,-162.76851679263694,190.94132557231134,185.3928700265749
2001-07-18,138.365373284949,415.15687782787387,-89.58911932249005,-22.06670175653343
2001-07-19,298.5449664528754,-190.1633788247992,-301.0250248970028,-74.26633305649321
2001-07-20,178.78271027047268,-2.6556416279899753,54.849829475733,200.6706408419646
2001-07-21,-152.50644934815458,35.9796830649334,172.2014745128109,-13.871364089965683
2001-07-22,373.9770311919044,-368.2142942715095,-220.82561498577863,-199.68771164808666
2001-07-23,155.143609763628,-395.35581933190156,336.68007211711995,-54.48759971815811
2001-07-24,-50.89071053526969,69.20323096662757,34.87330759093473,397.3886963253192
2001-07-25,74.59554424588683,475.5595843338979,-122.7215985657359,-245.5413140395582
2001-07-26,-402.1365584931466,-498.5552167230992,167.2445961702419,-24.837349203190417
2001-07-27,-205.2068091951783,26.5386001775463,127.09951747920456,58.18072642319363
2001-07-28,-12.418050133503153,100.60647630416099,260.6976626935843,27.899665155655264
2001-07-29,-78.84898987356975,-146.6373348593488,162.06715867493386,-78.83444929931761
2001-07-30,112.1014351847971,331.9730412340214,-44.83941714722861,68.56749962875547
2001-07-31,-251.41675502109894,-324.454099444663,-6.510409487941132,133.84140343183418
2001-08-01,-163.244870682665,-212.95215101893078,66.0063189710713,36.364821215639054
2001-08-02,-188.78949868780356,154.34898259894513,95.28444579709712,-206.51606322295603
2001-08-03,-110.91515353838166,-463.5640061495235,124.03518778459473,-213.9503169494868
2001-08-04,235.1942788494228,-262.3389844382016,-28.45667635513955,277.93618790781227
2001-08-05,-136.10640976543755,-99.77550128994599,-115.68224631708416,39.54088491719593
2001-08-06,-197.06387916963627,-45.44997670424174,-198.38647474252923,-147.95224481066896
2001-08-07,238.2342214540884,-167.7469102858327,-49.146926386487245,-119.24995427209764
2001-08-08,-153.66243826825178,298.89597885692535,-86.09590517002573,-43.06844853455632
2001-08-09,-150.34664951723693,77.04303769114206,-121.22643005547837,-169.1723528701616
2001-08-10,-108.0118934525514,358.40399387494443,-29.745627760028707,-180.0154179387291
2001-08-11,-121.36772380308301,-82.3748046072025,-1.4095207940388694,76.45417705481903
2001-08-12,163.78317435409133,65.8596691872293,516.9563940635697,107.35971488216374
2001-08-13,89.8127112949273,254.11991916489973,-287.9897728432911,135.98513936905144
2001-08-14,205.99450001887968,-22.824920587964154,264.72203430925424,104.40405265748838
2001-08-15,102.37421332280852,-26.011363387926234,245.4601705596621,41.73948298712597
2001-08-16,-145.27363018235567,254.76777581666562,-154.86234178852462,10.837547019167996
2001-08-17,294.4830877789923,8.868523251764941,12.792107050804086,-149.6564086714355
2001-08-18,-225.8515758647278,111.02114051760728,61.53926231026875,126.26630794497682
2001-08-19,191.41851055867258,-115.96329772617821,-25.670877099157362,446.5199050819551
2001-08-20,116.6418103274015,-133.408845056604,8.668457945953001,-26.663284604086424
2001-08-21,31.999806949212235,-11.339686292042872,356.644624879833,18.850068819043717
2001-08-22,143.81156930849792,-39.48029664182959,-240.3748807332887,-152.01597058361574
2001-08-23,-169.03281915346207,-403.6339251237457,139.5563940388538,169.49620414769578
2001-08-24,234.64207398811374,53.9235008984026,9.901521462570537,-39.55633822638074
2001-08-25,-220.89301489317745,154.25491433606172,108.54262110935973,56.16110854710726
2001-08-26,160.28085764485732,244.81598484101818,-71.94299665956818,110.78092922718528
2001-08-27,236.20387444183132,303.58829808700085,-142.75494987579657,-287.6710326989359
2001-08-28,126.51945478450301,-156.7876863617978,-47.341300111678216,29.69043349387982
2001-08-29,-224.9161654091059,-214.37904327397646,-164.09010609339057,-34.00274944202616
2001-08-30,316.97919412674224,-17.08170689809131,-11.911074172077232,39.68327499665952
2001-08-31,343.6276641546138,-289.75375158837136,176.25624648132285,185.43991223029002
2001-09-01,-463.91928156833046,78.58639042053733,-185.13192236660362,158.14868314820177
2001-09-02,-178.72903516879327,452.7143051146808,60.075446473668,-199.05705318877452
2001-09-03,13.05459498006877,79.7672453372548,105.7139058658185,-268.5124831936649
2001-09-04,-10.348924605219054,350.39909990961326,120.55179097179159,-124.50937752216747
2001-09-05,-71.77463980354074,-460.5188350763285,-391.2925492757989,-269.5964824075119
2001-09-06,21.212837512804445,298.8724065673191,374.78128700771134,-217.9777253609074
2001-09-07,-142.04390478226486,-298.45565745726435,252.73522332503381,-284.1951716225521
2001-09-08,486.43482661254257,302.80002424878353,50.122670435303526,212.3559094976824
2001-09-09,-44.41750885646832,128.8206191682524,73.44012620287968,39.43097248965085
2001-09-10,64.99826572965392,-38.995115505924524,263.2160436645471,48.53922754773479
2001-09-11,-138.61552326672847,-340.5539593722077,105.20938854145201,-147.15731387124168
2001-09-12,269.63002368510996,247.63550019166783,73.7600454070608,140.2314091187519
2001-09-13,153.8169659326068,-10.631405095186256,-429.50239177422833,267.3699016027601
2001-09-14,161.337723685851,-172.57312527528597,-250.73385886103807,-21.485035656193457
2001-09-15,-133.57303594954263,-391.1496013006528,-64.37635543814947,392.15416429660183
2001-09-16,12.535758002941355,-184.29488091546224,-19.83822245619711,12.745117739680067
2001-09-17,-154.99675420727948,169.81545998683524,-109.63042139677984,-334.1835628211031
2001-09-18,-51.24348985095521,57.22767734091161,224.89962903364932,91.23299809773926
2001-09-19,46.31831047922601,-50.26135742397273,476.4274940335386,5.554812277474629
2001-09-20,122.49243704728185,-6.6615497261870456,-310.95700168618566,291.4805944580222
2001-09-21,-28.50336603720593,297.6802443121577,40.31839595253886,181.54653116247698
2001-09-22,-26.03631723288399,101.6568717367833,-116.13014375237893,-240.42332152509775
2001-09-23,-271.7626704317625,175.83112765365013,30.886325934267216,156.409301831222
2001-09-24,-197.83986212135733,-60.72888592577438,86.67888888639915,-306.7632806068783
2001-09-25,76.4414959950751,92.08526746317762,-65.40719695805575,346.48003343908596
2001-09-26,-267.5717406419265,269.5995190711241,391.6445638098504,-171.950726030147
2001-09-27,265.7108825328696,-283.64343269742824,-130.14143168043825,64.68982640400627
2001-09-28,98.38173686951237,56.25311164406901,-81.80235363697024,56.483781007927924
2001-09-29,-188.6467492798293,-34.60346902434955,598.8496150395522,-128.1633204403018
2001-09-30,-379.6836906334581,180.35217674654794,-317.93510681495053,163.89911055298649
2001-10-01,-85.7617448416882,7.499397721452147,81.43479171274399,-374.77246252830815
2001-10-02,-110.58282562900008,252.71623333518596,-116.83758958720898,-82.8017305539924
2001-10-03,21.31124993723002,-369.53034412183786,-91.46648314726887,-203.4502204513339
2001-10-04,47.830272824803075,5.307798235290915,-77.2910246656942,229.90964002764142
2001-10-05,408.87209398124503,-174.11845468356117,164.43702851530946,-276.5670453360223
2001-10-06,-120.79215445761702,-137.77439251383336,-590.2742583259833,206.78482763792198
2001-10-07,26.3783624526946,-325.91129830131956,-180.35717588668768,105.68780587823443
2001-10-08,-214.65156760879353,115.34833488489949,79.47221455972266,19.919042334101135
2001-10-09,-234.00710165382725,287.11572897280985,-93.23864816623204,-29.24251072400899
2001-10-10,235.95806940165244,-153.46506196809435,179.1507675672981,221.44399934181922
2001-10-11,251.9994879239278,-50.37157983015972,251.0768754174553,152.80868395859278
2001-10-12,214.72914018774455,-51.341551731065735,216.08978947455424,55.283215487776104
2001-10-13,8.363832956471065,153.51596937526025,-25.26787112118216,-107.45358715314832
2001-10-14,56.88395808918237,337.80140079459386,2.549792723507089,88.01069162756897
2001-10-15,416.4481649148524,111.1083983033795,-87.42902731286254,257.7764416815305
2001-10-16,-95.69253494855319,-194.1174454467387,159.00575221906067,-73.3057321656037
2001-10-17,-295.9425891883477,664.7156140614798,223.265341659281,39.096260056647886
2001-10-18,-147.0154308403285,-383.7151704805961,-83.0721791277294,-603.2281231634252
2001-10-19,165.5916046437802,53.14383138287311,27.674586492302417,157.59458004407065
2001-10-20,-190.85184321510846,454.59335849763363,-93.2737915743044,202.93149525014087
2001-10-21,208.86312267090088,94.384636621286,42.250294352371284,262.6453606243772
2001-10-22,-268.9977300974096,-398.3071578533771,109.68926673227442,52.10600691613414
2001-10-23,46.92594626441871,298.519729413494,-213.99923760797998,-133.02799549235672
2001-10-24,79.83831303787005,82.05357100769324,-10.68337513117991,-427.1755661190822
2001-10-25,139.57568763377824,-338.2989667034315,41.39016253633569,-105.13681771268895
2001-10-26,318.1368410079592,-89.70336174161523,282.0768661410074,-484.38504822585264
2001-10-27,-76.3623015386451,341.09719040702487,88.31832128625287,52.641997874265435
2001-10-28,-14.869143131199037,255.6864634072066,276.38931571248435,178.48955293269654
2001-10-29,-44.50127180290559,245.7216645322425,455.5190338193123,33.16294075713924
2001-10-30,-73.05216709864408,-250.50291210607907,-48.74468967878411,-291.5225816817266
2001-10-31,336.702346489271,-272.7546509714751,181.82832741259153,85.66328924106944
2001-11-01,-2.1389178723065125,61.35172779230115,-122.45786762635662,350.9412467888315
2001-11-02,-281.48085925523964,-164.5970289093181,-363.8027352333944,-370.87904090316925
2001-11-03,-91.35641386107717,23.334105572646543,429.22903435564973,-150.9744778369192
2001-11-04,-119.5314604884989,-155.26331501836796,183.95298863090335,-74.50026869557449
2001-11-05,-331.5579866064101,14.155890462929294,221.00115678382113,269.42435980506144
2001-11-06,199.6744939761929,52.25815631774534,-83.66615110738708,-147.78717181638766
2001-11-07,102.54287833301261,-266.6958304849948,36.45268413934434,-105.58109125395876
2001-11-08,72.69370083808352,-189.13199668305188,55.511318717856874,-94.28646655557709
2001-11-09,65.70493600729421,145.3472864786205,192.20984399029027,-84.2354562243525
2001-11-10,261.36699909746864,-147.45177771077397,-305.66862283480464,-132.56683566650483
2001-11-11,-19.227606663294658,-264.0621414336543,-151.59982908009576,-59.97405463511926
2001-11-12,253.5900100899894,146.287969424595,191.51738093097194,-88.05639459440609
2001-11-13,-48.04971470561157,279.95593991452296,-34.18704649981033,61.55011652565731
2001-11-14,-363.63060385826475,-244.7703541547495,-417.819393672717,97.28559996592399
2001-11-15,-564.3934798759897,231.09112564666873,178.62511010879481,-139.31691892729324
2001-11-16,-41.758224050699624,198.51419658685526,-331.830328009635,70.48396013111396
2001-11-17,-293.62817523317244,-71.87234300049707,-320.3152376992905,-102.80106014555696
2001-11-18,181.80716493661762,184.82073209987865,-106.2261922852575,105.79595635532712
2001-11-19,246.12293894375995,-347.7156301058716,78.17007866303318,90.44154275100463
2001-11-20,-289.34136010011304,222.76422372052394,-131.7187451427916,-65.86013798894076
2001-11-21,133.00150952661906,77.61815097123127,-36.70622243607377,-351.0512347769576
2001-11-22,158.77854421038563,-48.784934445335416,16.203332123305106,475.0714902276884
2001-11-23,91.33758355967655,5.291939798669059,-345.7876532234603,-321.01544674555504
2001-11-24,-291.9344743473643,-73.67748249472447,-289.111746101939,-2.5769205257857983
2001-11-25,-93.20825967165801,-397.1982750487412,14.834410802393242,-41.02829170491561
2001-11-26,80.57643135588472,-164.47888909535618,-447.01703510974005,285.10424455996963
2001-11-27,29.700833615929827,24.61412043259055,-555.6838124471032,8.879529034072679
2001-11-28,-91.499783854317,342.45276821612686,-97.91472278964137,67.80634417770763
2001-11-29,-19.53884825615864,119.60136847609981,182.4908350806523,-77.64074956239949
2001-11-30,-64.14927814758059,-237.38131405717434,136.8341849105223,-127.36276691160045
2001-12-01,-470.0422561549088,57.70572868880818,157.44644419276327,141.14698346862244
2001-12-02,-70.89367464905176,53.048674317804036,289.9514315715575,-287.3553684138387
2001-12-03,142.66736692426227,26.964603712988872,-30.65175744397029,-86.35776716863532
2001-12-04,194.4347654226419,-223.11364950119454,158.1306667173319,-24.339697682290577
2001-12-05,40.63853622684128,-24.67932209849961,-91.23208076943904,-15.3984322645206
2001-12-06,87.5994048464312,-70.07206050234564,167.76523690447237,-393.6169567811573
2001-12-07,344.6878412943445,-29.152195203297964,182.84333489239094,48.571960551312074
2001-12-08,-29.47262676818595,15.774764441843434,-10.891884552843912,52.988967210378945
2001-12-09,-13.637124842416192,379.60208993478443,-1.5973861617828673,290.48812122959566
2001-12-10,180.81454866646052,-133.30230073971464,49.438051168181005,576.2469383929891
2001-12-11,61.71724291933411,-210.31652695845258,40.43577251040617,213.72843154094437
2001-12-12,264.04947987730816,-36.66939012345034,-9.533479458240466,29.2308984454345
2001-12-13,-52.840328238745315,320.6506749268089,-357.3292563542191,97.64494680992131
2001-12-14,-263.52539980387826,12.435572836786294,-80.52454544593938,226.19729870029528
2001-12-15,146.50594018826968,-80.14167352818869,-98.18870223681844,-63.62095804828692
2001-12-16,-297.7027057041404,-116.89811676302415,-23.118959125944215,203.5579718441145
2001-12-17,-80.92131308798602,57.43326614643399,-325.6476935990571,26.549500383285796
2001-12-18,-159.50226428052994,-101.59701897318338,-265.97740185551004,88.50286125585268
2001-12-19,-104.28274305093015,-345.2816137504464,415.6292521288315,105.24227128681164
2001-12-20,119.15429469409922,22.025362831780434,-159.53784335308018,-128.20041955218687
2001-12-21,-180.7094898584969,-408.3896936619306,92.8370349840653,197.0862949672879
2001-12-22,-185.91527668035,192.70297170253258,160.43112643775598,-326.1213061244422
2001-12-23,-27.43031978778674,90.0277106073028,62.984152252705236,-186.0649003683163
2001-12-24,-208.70134111147937,-110.36442454331016,-319.57854564056356,-18.58438718620147
2001-12-25,90.85977183158298,-365.5633601984243,-290.31855031208937,-161.025484570431
2001-12-26,-85.26144285487274,-81.24817362231894,-201.63358622933214,-460.16013673638855
2001-12-27,154.6362458113051,-46.062140071072925,-66.69281250830653,-112.38932462578887
2001-12-28,101.77289465780734,386.525642532729,-10.374417030576337,411.76716842216604
2001-12-29,284.7583881796863,-301.27046046209927,278.41622655748995,-281.94430109094435
2001-12-30,310.8340889380548,-85.6195629646893,-76.47854031257096,177.73767335903452
2001-12-31,116.44238502268807,63.66844965438505,-60.317830340127564,117.75599782797339
2002-01-01,-72.05749552982739,451.3106473631876,45.77070189353232,56.569074492097194
2002-01-02,194.19519763086072,21.066475242218267,-256.7945604676718,132.66519579049475
2002-01-03,-320.0241190255121,17.681677592559797,-188.96643156970586,-148.37385200754295
2002-01-04,-107.5530505276323,-218.42700373100965,357.3646388510765,-35.4009479263042
2002-01-05,151.436116689525,127.04059547657032,506.01212119000536,283.81191231395223
2002-01-06,-169.30816527267774,150.53565792672558,142.1493082052407,195.2572251844738
2002-01-07,103.80615280088085,1.8006644423853784,-396.74600409643256,87.07202131497233
2002-01-08,186.2235440252759,206.89619415821912,-383.6902577907796,348.6228429407322
2002-01-09,82.05503705929297,293.22844321232986,-90.16515149217123,108.8037448180409
2002-01-10,10.90286940086683,38.25545164859277,-122.31975758599793,28.98453549751209
2002-01-11,99.1216836232405,231.5034531272327,57.028488254671416,-128.66495431504958
2002-01-12,135.86126861354268,-286.61384699886025,-219.0425749478631,-157.1546967252867
2002-01-13,-119.92053126065858,-172.31488808863364,-79.92057566929921,123.80504635461548
2002-01-14,-156.79683497572114,173.92931579999396,55.13059159326591,22.53510467574828
2002-01-15,-71.9531222800876,-219.6605341313347,-33.27483806486647,489.6297222297485
2002-01-16,282.91996800487055,269.900309117807,-443.5928462945645,-3.480553290973594
2002-01-17,-219.8262149795236,83.58675870078714,154.8581122051334,86.85663466164436
2002-01-18,4.282782267389784,-351.9641119889151,-85.16990318351581,256.5139402946806
2002-01-19,13.637825797790438,300.51771396738684,433.76002264805214,-101.71555334267659
2002-01-20,62.43005118905067,-100.2643580482211,-112.40599743817063,-163.40007465789083
2002-01-21,137.9523180503972,-214.27067755395436,98.39302360637532,12.606507940365239
2002-01-22,-6.17307216798571,-96.1432060035023,333.71169131995026,171.18284256231203
2002-01-23,219.08623180782124,33.57243072475664,-154.05995021629565,-16.305237351116304
2002-01-24,-33.553303887165754,-1.130109819567837,-106.85223189998948,20.40301119158306
2002-01-25,59.88775568414933,-274.09420386788537,7.203003613914636,-391.9942379083091
2002-01-26,-3.040138702287826,-36.287331156066806,200.88181951635246,162.93594284403116
2002-01-27,1.1416481835626016,-67.41912273705063,313.3607508394378,515.272189148302
2002-01-28,-16.59642513984826,-266.20670160371253,13.33572615302017,87.35382169105648
2002-01-29,-123.71729626282706,137.84772631317526,-257.328916590103,246.1752167942911
2002-01-30,-18.93661537849752,252.37213138963304,395.8340585913525,-145.01586178639033
2002-01-31,-286.8647238904016,249.5245593358461,27.74641922589768,-417.92122552106747
2002-02-01,175.28011706529693,-156.12882123121102,-260.5619253513914,-25.841040045623476
2002-02-02,-402.1424955077113,-55.64868200159706,-265.3742584952087,-60.59634000920252
2002-02-03,-50.31735289781304,224.46204177094552,-87.86561901022345,140.90197509206746
2002-02-04,182.2753906257721,139.0891083855386,97.1867052957295,171.2309383365275
2002-02-05,-340.305406187381,-362.6903550399156,-103.66711296145972,-205.56432059854393
2002-02-06,94.79730405423278,-292.1030745763982,-69.28797592154872,-228.64529523633905
2002-02-07,-94.45167591716525,192.7915458001396,-238.1397319420696,-90.6196487275308
2002-02-08,-147.69213884719179,-125.45509207345506,-55.17165937068926,-337.38476047903936
2002-02-09,396.31620751529834,148.57090220106653,-148.7037993244256,196.82046375532389
2002-02-10,-121.8298943835731,38.795596576179236,211.41517027198552,-418.2899472362602
2002-02-11,14.045667915309727,-95.3040101710439,-213.70252807095972,132.77804633991488
2002-02-12,136.89340338211505,39.78020142634466,-204.02468286920774,242.3644904746133
2002-02-13,146.64678905974318,149.76129401859978,-107.89499416450603,-138.85591707540246
2002-02-14,-480.3536268966135,169.67985179381705,32.43796624979105,260.691480299786
2002-02-15,105.15087900786679,364.7356842801967,-106.77896202541027,29.960689966072923
2002-02-16,111.09548071174132,-86.71602017326924,157.44764046845856,-85.88392932216077
2002-02-17,71.03795681727418,100.36925317149066,-264.5503324419561,-80.83815681602178
2002-02-18,-219.15671325137316,176.86974671430266,239.0941560735421,-46.23204534833683
2002-02-19,229.47170610938628,336.65699775669657,149.4667863535806,-276.732213065296
2002-02-20,-15.86672217712198,84.33283280479415,130.3597049059552,-48.82418218498612
2002-02-21,-36.47755808415396,469.39593322447166,184.0812628684332,-51.075701972908995
2002-02-22,85.04681616203975,102.21334117409712,-333.5761139840248,71.60778365476487
2002-02-23,329.3814442067888,144.7390564336444,-231.6748970150151,24.480260432443846
2002-02-24,-246.9511321382381,57.23520621845913,-118.33657819004355,6.445626406265924
2002-02-25,-209.66798749093286,317.65351482089994,216.05768401862707,466.28697633417283
2002-02-26,112.17329656935607,4.243995562791298,-232.37677635696429,88.25795487407947
2002-02-27,-60.918774191582294,115.31280639295953,281.01646811154336,280.68810764618456
2002-02-28,-52.89350437620951,-308.7346021208137,91.32251549595618,-198.0783410105839
2002-03-01,-211.94713388257816,-8.614699764376821,333.75001204384483,-58.26264172147313
2002-03-02,-26.081875971503603,-139.8260397613508,57.403514279791224,117.14240366561943
2002-03-03,-198.02554595894773,185.99042393583406,353.4890998122753,371.5383068380123
2002-03-04,-233.79375071690188,-32.10366318200022,356.48617882373344,-118.08332203938674
2002-03-05,-154.28957932212467,-267.1119908727995,-84.34227742409648,-17.160815579400698
2002-03-06,-161.31835385806076,-249.5568598217634,170.84673149938726,-1.1591104707399829
2002-03-07,212.79909872152803,-75.01178322442786,1.698785497009239,476.9174035045273
2002-03-08,88.68281809526717,-253.26215907479596,228.66583944736632,62.73998277118045
2002-03-09,-176.6730280580565,-72.8234514501142,376.53048963938977,-153.93508513727105
2002-03-10,-214.80592909952628,0.4951922496562508,385.419366217975,-39.59598400214765
2002-03-11,-33.861936267016354,-35.11291388601432,-299.1725316937521,-147.17797715259385
2002-03-12,-8.031124882752442,-76.93899653464894,-233.68869714136045,265.8118918089215
2002-03-13,-217.97950965836876,-189.8292625636375,-272.92558418495616,159.22417331592337
2002-03-14,-232.85083898756866,90.79445755783307,40.40520014841028,-137.0874879068318
2002-03-15,-107.0253575552578,522.2138178173129,-190.59387159722522,127.2360514556684
2002-03-16,-506.95511400667914,214.14165213201818,-134.51808449726013,475.7251562839613
2002-03-17,-25.951070011515853,-76.27540944578871,-71.48844899414634,97.10815527685043
2002-03-18,-198.98787560258393,575.9530071478238,-111.76680171473589,-22.426607963223802
2002-03-19,8.425667790321553,186.72885065709008,-76.07885189052027,37.42001582544269
2002-03-20,315.17424791106697,-200.42778624492476,-122.00097868737178,-74.08978788742495
2002-03-21,114.14545871977137,84.11147298568577,-3.610692875796024,-91.40700607661721
2002-03-22,-157.6957958651069,-272.26143927254907,291.8320821657098,336.8100115503064
2002-03-23,16.94831971864872,81.52855543305205,-344.4261090555067,-179.1925545297193
2002-03-24,-212.49070282402366,-90.8080501527437,285.34116359678046,-153.05771370311197
2002-03-25,-421.5135809574231,-281.67632754744267,-28.70650253599348,-84.40746855138835
2002-03-26,-35.544303018815896,-138.88655426832696,-175.1870248616332,-285.3843946100573
2002-03-27,-0.5561858528703174,-279.8885830500682,-70.69604481969988,-38.39424694013486
2002-03-28,-36.07191397839584,-444.30804076394895,177.73853453983563,-18.05712259348294
2002-03-29,-277.97863122264766,413.7036152184981,-156.23135442507535,71.94477629098
2002-03-30,170.18151262498188,-176.738839784613,-212.7849140175793,73.14658515640794
2002-03-31,59.668037415448595,138.4103218803118,-109.8736425870926,93.21021318590014
2002-04-01,-109.11217204665931,-125.65260555038653,141.4821381772489,103.02993663039261
2002-04-02,-20.448092724465443,-157.76404887339157,68.80169259453307,-46.147794222678414
2002-04-03,282.19224768222216,52.591895614247505,206.45875410148037,-200.16873291572352
2002-04-04,-5.726306186837641,89.49417342004638,-146.45154316635166,-37.66372791384524
2002-04-05,224.15642170596288,-104.08230819605807,-396.98715738530916,-162.98974421515604
2002-04-06,4.86725167180023,57.52075163803651,-64.15157088736389,138.41783932809963
2002-04-07,206.48373559347286,166.53195001310425,166.33384206704923,229.0757260321957
2002-04-08,9.46570246932588,267.5348886219115,232.598654933938,39.579532388366474
2002-04-09,310.3500142298782,-109.63276846828349,378.26276258388936,355.89785239419666
2002-04-10,30.104192202901785,214.47437906605492,298.773226160078,-71.9668613448125
2002-04-11,-231.1233710064721,225.89720625648235,158.97932433371628,-137.30986231318482
2002-04-12,244.16008475210344,82.49528515161897,-132.17327556922774,47.306374371194934
2002-04-13,130.5771492498653,290.01117430872864,82.91619887191993,-45.35666871489473
2002-04-14,-124.95886531079199,234.09768192957478,170.73851684524953,-10.001730836022485
2002-04-15,-234.06270943695168,157.86086059736328,16.394277857667298,368.20215002291656
2002-04-16,1.5298892483439672,-274.5464185148209,204.7132121882709,-126.36203721909621
2002-04-17,25.59942761408142,-66.62186649958053,374.5813938672864,128.9152738682135
2002-04-18,223.03165865671315,92.4498243344329,25.935838199196514,381.2731585734147
2002-04-19,-191.4942033465052,-243.71279667707117,204.59676106428319,-244.85045635408449
2002-04-20,54.844517505110446,216.82809528651865,296.3549076571821,-462.5089661124467
2002-04-21,122.0670763240596,363.8643944981753,163.28221929804505,95.26579690378003
2002-04-22,153.82499005736713,-297.0422247424049,-49.00540787923475,2.5657374010855527
2002-04-23,95.6796303192294,209.47789911396194,237.9128879814148,-291.49117958569
2002-04-24,-216.16769050313204,208.8405541389895,231.77964817126005,22.579526518497808
2002-04-25,-381.6347066348063,325.17384233031294,-14.196087884933938,29.56750489797016
2002-04-26,190.77745917743513,-154.26956832016037,-49.03139125767957,-239.50219455459396
2002-04-27,-109.87759485537639,-228.07867218525985,12.870166795576854,-196.7686765489736
2002-04-28,-101.23521655187146,1.143818050327135,-252.80853974793303,-251.50131932614812
2002-04-29,481.112846425821,132.58315446141734,74.80809994056564,-19.33805942849186
2002-04-30,-183.2857090887473,-117.18440818889455,52.99570986589275,49.46500039325624
2002-05-01,162.00798280908205,55.978858943307095,222.0243427349001,-14.740734450759943
2002-05-02,-16.16061660856449,272.48533874071387,-79.39665063936475,-328.4287097604951
2002-05-03,-191.7835868396927,221.54950058896802,-16.489465690443044,-217.64406730542038
2002-05-04,208.60155509664872,-188.1468672857795,357.5006458983299,-23.887426255739012
2002-05-05,-71.41609584568705,63.8552956072368,385.3573443587773,149.24454190669516
2002-05-06,187.37941688902856,-14.837629813712944,-412.46742914146887,-90.08819751129839
2002-05-07,145.27004898083845,211.92981485422854,-123.18218434816413,-15.690230439865328
2002-05-08,149.10835355532296,231.52260429551538,277.21431415552684,-147.08494053234324
2002-05-09,-116.40126110563698,-199.665641775629,-106.53919112943566,-84.60992570701636
2002-05-10,-33.97666908858978,239.80512204228296,-203.50058009275892,18.012209796506344
2002-05-11,-286.21609189885544,-186.03031886218076,284.34266686554156,-186.6914891991509
2002-05-12,54.00219540375345,38.30866092807309,-255.65215707257684,-308.19394681724066
2002-05-13,-98.47798648870393,116.01148348194097,-51.478093044640886,-37.251479323724034
2002-05-14,-180.90245510012352,209.52308890999066,174.5642786094205,-91.35926564061097
2002-05-15,124.38606369860008,-93.11084157854133,-20.087429505356695,-48.521822998233716
2002-05-16,-111.57772511115755,84.7494035665924,108.74676093915214,-159.2874242036543
2002-05-17,202.13729672646292,-2.5030887463075726,65.68041750774832,182.92712151767262
2002-05-18,-215.80515273513382,-87.3761315409056,188.75905588894514,219.2647733269777
2002-05-19,154.89816244542067,244.26199984903522,-90.83096186152154,-119.7727690733083
2002-05-20,428.57120292704974,-50.79369960622441,312.24130599646713,-365.4359682245971
2002-05-21,-402.37673445285174,-196.9070523408982,98.84510395918448,-9.976811463917578
2002-05-22,97.96251899548905,156.0681844323987,198.04372515785204,-114.36197543217554
2002-05-23,67.361859160672,69.13661359104077,-192.76144031761135,-101.61367071253243
2002-05-24,-2.4858156524073123,79.73817029635475,-240.52152255828935,69.13210067646642
2002-05-25,-183.0251659557645,59.49405583751384,148.25838188193802,20.623516089800052
2002-05-26,268.3271131126932,-219.36747374866363,-165.67688345699332,-35.3068658224795
2002-05-27,80.5226111149309,-354.543388041265,151.47273514129307,242.3733467092589
2002-05-28,106.59285383448407,2.7889143509501717,-119.30923987240085,-46.38274316932068
2002-05-29,125.85967297926197,176.6674102746303,329.386802267377,66.70458539455448
2002-05-30,179.11881949184064,215.2944147558903,-116.10211072000733,-294.2284450181033
2002-05-31,267.0101735903031,77.45353468924834,-51.934252292599616,211.07511155237154
2002-06-01,-176.06894329205144,17.741841708916194,110.05974897065546,85.30207319151111
2002-06-02,-172.5231756717156,269.5814957996277,50.61630786771766,-400.51362489303796
2002-06-03,-104.08317122352311,-25.415172429227145,-265.66974193235586,-23.17196093288517
2002-06-04,-0.7910951426719153,301.5657644976097,225.09014590774683,-117.17082709003826
2002-06-05,-170.39444304912783,-236.83875274430423,-159.29044595940428,-132.7280746500957
2002-06-06,285.5568473257321,-217.6650646819339,9.15822469612995,-75.39706258785313
2002-06-07,252.26416024500864,-243.31262667778782,-20.98232920338723,19.129863422120298
2002-06-08,460.66726203268627,-445.37551638211346,-90.50390797455262,-152.09608914829982
2002-06-09,51.36998688159723,-94.70473366707297,-386.5088420151488,-141.28084573202736
2002-06-10,59.25911020034046,-369.05306189424795,-158.9449174386761,-34.8466071115814
2002-06-11,271.6078762837876,-180.83972812915968,-169.02868115986914,97.13415934187812
2002-06-12,67.1956183989004,93.63857243411108,94.72388503865092,159.53684861132703
2002-06-13,-180.28179341977082,80.62103108381764,9.567551478810195,-125.72224999189723
2002-06-14,-28.508366182064528,-231.62885477870398,36.065102877897104,141.77796890429684
2002-06-15,59.44793238717838,113.16881390714128,12.601479827822674,115.46714465847873
2002-06-16,-199.68016976907526,-96.6437285123047,-128.8192722124023,-25.115603519792952
2002-06-17,41.060777539858655,-242.0659256756406,-84.23195377907355,151.2341706098383
2002-06-18,118.2806589388983,-165.13580489570265,104.1721799447289,-24.01106414035682
2002-06-19,-31.70500501675202,-39.82726315148141,136.38436820547727,-243.33711876849299
2002-06-20,-0.8441425738524987,95.49930398464292,-46.54300366952119,58.245146315826865
2002-06-21,-25.981304813316726,87.324483376867,-225.8135403518313,-489.1261444467358
2002-06-22,387.54331187838517,91.92444595568612,-87.49367904970529,-227.12924130892068
2002-06-23,238.3446680008897,-0.9563313676422842,-131.70566423353628,-141.3121851546583
2002-06-24,-370.09861231081095,35.09332282683902,-355.54089275635613,-10.753517688099842
2002-06-25,95.69964553729906,-158.46306471125519,-93.88481321892898,75.26253086700741
2002-06-26,182.86462147671114,-258.5882730178067,124.35052931557644,214.8987192560925
2002-06-27,347.2811585167385,247.44973016657562,9.002107352089116,35.40026051908978
2002-06-28,190.62775985542672,-71.31553282563733,21.868451014058355,483.89324878252484
2002-06-29,-10.594036949608615,1.4704716265527682,380.2573370278906,-146.71570468443701
2002-06-30,210.86463582421175,-179.17486064245318,-119.7519822968544,-62.418651429447216
2002-07-01,204.66174722826952,-148.7482819733762,110.34887985564326,214.4287912392957
2002-07-02,-79.47904884737352,247.75132554722722,206.6146341721552,190.67304078798517
2002-07-03,-14.129203966653673,34.22836577210921,-208.62549734773373,-154.85864311663283
2002-07-04,-199.92781316727732,-134.42908609430506,-234.62511130189955,-36.45759315890852
2002-07-05,-71.59800714361518,-130.87705982601946,-134.10192380653436,14.957295160784096
2002-07-06,209.21786895704022,-230.84887991360046,97.56482013250337,184.0571430346863
2002-07-07,-212.30890855247586,320.7746063379988,-307.25049705847096,93.6862379751357
2002-07-08,198.4460458557085,-12.049855341611083,-120.27614202539382,-11.220065194051429
2002-07-09,119.84622555144264,145.9254633675836,69.78795784421959,-164.22417890880664
2002-07-10,152.13032621255783,262.05777805563366,-140.08352992211982,37.3084406404103
2002-07-11,-55.75591636338818,99.22663347638205,318.0329867806583,89.97357419576592
2002-07-12,305.09511277122147,234.25526885131268,338.0636525047493,115.11286188901137
2002-07-13,155.72882518513444,254.8607248309833,-12.462280725879843,-85.83320714172037
2002-07-14,16.09879051349586,108.6451764473676,203.52408043132107,348.9927426734551
2002-07-15,65.46852036719123,135.39694030037418,-73.1968427436559,-217.28991244633775
2002-07-16,137.7750339215461,232.13122713132628,42.27318954215539,102.38662281336117
2002-07-17,-189.9313491372545,67.77352153833846,139.0310352406957,-252.35519144051602
2002-07-18,-53.8843102098867,292.25337975214654,21.871617502692768,-172.93359441655446
2002-07-19,-269.4095407529259,-124.6257022975513,430.4084095985381,129.68251733169126
2002-07-20,369.4602489454327,-103.76871469670775,50.19172425401959,164.2259281828492
2002-07-21,231.90162007648715,-119.3061956982602,-29.056883207410323,-362.57621328728766
2002-07-22,93.96353574617157,10.857187516292383,-148.80203884634713,193.69884904142253
2002-07-23,103.05655553452387,40.662523291481044,73.85289192494805,-34.839522421323984
2002-07-24,210.9719526985282,256.8450014152745,-193.20620211036862,221.6468239282639
2002-07-25,5.8686679402665085,-75.6965653593758,145.99928809038676,230.74868307384148
2002-07-26,152.67603573239862,-30.02443253292879,-83.11513868216717,511.72425330816793
2002-07-27,-298.2885047753345,70.40923060908924,160.25700701973653,111.24583722115742
2002-07-28,-213.06116394923347,-166.88793221507663,-543.49848948062,184.79347753793914
2002-07-29,-26.030531844346715,348.485690882169,79.73088569794686,11.379287976832062
2002-07-30,-12.901569480651176,93.03547472642299,175.97266026048263,54.29696648243566
2002-07-31,-261.16657769991394,-277.55313142088073,49.921256963601905,200.64753246532342
2002-08-01,97.83401051468014,64.9449954098419,-97.40931387418863,-110.43064276663492
2002-08-02,56.553065614030885,2.0171691909539913,134.00134906857204,320.9718994641508
2002-08-03,-201.5063602299851,-140.19869334576123,126.77345391135182,8.475991114821559
2002-08-04,152.3289967641799,-133.73613006027608,51.95128008219696,-81.78822057789465
2002-08-05,124.6489033682306,-64.87809763335174,-226.48480560334184,361.8841639388345
2002-08-06,-269.95303578519736,162.96834170075007,125.51591398621123,173.83795359504646
2002-08-07,-113.01953102246468,-221.28576238202245,-218.3588167792442,163.36266846088512
2002-08-08,-414.9396595303961,380.8265133561651,218.55254318585028,-54.68744608279561
2002-08-09,287.6864912097184,-10.427951253694903,453.0162566538596,-152.1425418575557
2002-08-10,8.432917086082291,180.0090718862514,-42.75435419602937,-156.43947133486168
2002-08-11,108.3602185523159,326.1522838907351,94.01150544806572,-189.99354578052763
2002-08-12,-143.496474534933,197.75029958209015,173.10161956193932,335.56223228955673
2002-08-13,-310.1449146510912,78.54857555669753,200.85433163642327,154.13661823633637
2002-08-14,88.08241938010661,-107.15666436944113,-231.55820791086148,-204.81933727969394
2002-08-15,327.53377372645593,38.62865902366087,-84.22248302354929,91.7383312674021
2002-08-16,257.85033676050745,-86.62357558238205,-264.1136431407484,-152.4112048994988
2002-08-17,47.20041787544746,-274.28867169022817,-132.5547240932365,104.46511448075321
2002-08-18,394.64713025822715,-146.98280396075666,354.67555191967114,-241.1270304107195
2002-08-19,179.02728397711707,-85.46729173936846,97.90048936680314,164.6345625841158
2002-08-20,-6.590339156760175,-89.87319708755402,-24.647647717151827,8.043042101148542
2002-08-21,55.7342870233811,-155.63038866382246,2.5161313663269738,-99.47248771976615
2002-08-22,-148.034474325778,54.45702880184391,-141.5270841328947,103.3884628571593
2002-08-23,99.4468989104459,32.19418720549261,192.2191833967484,46.23047280909521
2002-08-24,-32.54076440531091,-101.45795048716894,-4.392770030628634,-365.8786707470541
2002-08-25,-40.17485763795279,271.0161529518116,-436.25528305432096,-196.01239186788234
2002-08-26,53.77007352476176,-11.080452953850802,-79.86833862270144,497.90307265494846
2002-08-27,-212.82365113493472,-188.87439954905608,164.9379283539585,558.0078354469371
2002-08-28,-139.4088463436311,202.99350178818645,135.3630118821443,-47.53630506483315
2002-08-29,-229.03286771071424,-25.557578300644956,-90.40966574403893,42.428923794544865
2002-08-30,106.36571157518648,-339.60208243245506,-307.5502827514195,-41.508149869588564
2002-08-31,273.9375533480663,55.55424604836904,185.25973300726304,94.96191540635893
2002-09-01,-278.98839993473234,68.10461341829341,61.76828534972893,-336.9525349421006
2002-09-02,449.3764868457589,37.77473944842827,-251.76490366321423,143.9089995175924
2002-09-03,-122.50296880803305,-0.21028101480445138,94.09655846137098,-107.44218845532471
2002-09-04,-4.627182294131844,414.70243795643313,33.88862602107177,-109.11358573589283
2002-09-05,-393.0460306789223,65.5807725482899,-65.95888009151844,39.633798897865326
2002-09-06,76.64102037242357,64.2824125161287,24.120119861184094,-27.508590304446663
2002-09-07,-145.41715849584992,73.60393980704494,10.536252254488614,35.93458543002576
2002-09-08,96.9243362316101,451.06851379404384,-98.77884249109941,128.08547873670622
2002-09-09,263.88980285004266,59.335050492554394,-183.4861731009972,25.703094842617176
2002-09-10,88.71537776508987,-236.01021870249096,299.2519129031218,-356.39003813002705
2002-09-11,16.93084211604676,60.28250111903392,-71.17710335565553,400.79383417618743
2002-09-12,109.9938819552908,-174.39579769744705,-156.34837522219402,608.5840266355874
2002-09-13,-216.80402253066532,66.414342416519,155.1023590898754,-2.2284181060652624
2002-09-14,146.20178177433428,325.4055082592819,115.0516493910721,-180.50412739242597
2002-09-15,-86.97449834752162,-93.39908368592367,-68.16535426928762,50.613609041296556
2002-09-16,30.479292922932128,139.6127517395015,97.06456005729335,238.06847166517895
2002-09-17,-41.66267382148803,-230.29676649634317,-50.07736355181505,144.69095249167557
2002-09-18,-236.15575071742612,36.063170470352404,-16.510057933177976,43.9191205909442
2002-09-19,32.59800916549769,14.180819383261555,55.46348490997192,-172.88633741501394
2002-09-20,-66.81994117908538,-281.6693429158677,224.0835177994188,78.280663630449
2002-09-21,192.9355573868325,-77.42659181642466,84.1169284841162,-183.79699989064682
2002-09-22,-33.0958592922173,113.96613786582563,54.29996486381312,170.678330602076
2002-09-23,-38.5545316426324,26.084919598357352,-349.51708264765034,119.13965524656678
2002-09-24,-116.63033972171053,-30.096066756993288,-8.001674759969516,-46.89880700902442
2002-09-25,260.6374769845097,67.00118497350823,78.65840738527574,-283.03782431643356
2002-09-26,-223.2709516318958,116.41886859420407,385.89851081185054,-67.93778508317489
